Patient ID,Disease,240,244,460,998,1303,2758,2879,3102,4133,7147,7222,7410,7500,7602,7720,7874,8133,8194,8343,8814,9231,9268,10914,11006,11169,11170,11172,11230,12053,12160,12388,14257,15600,16663,16821,17100,17835,19602,21205,21630,22568,23229,23284,29996,31236,31355,41209,73219,75084,85781,90232,103653,136569,137353,141033,146102,160669,520958,537332,551986,557859,558880,567717,574439,575987,622436,637516,5370158,5370325,6041429,6429350,9602988,13544681,13596727,91713521,91726212,91731726,91742720
bronchi_1,bronchi,267815.0,51128.42,214779.61,8538.452,199203.16,9941.546,4533.6284,9000.671,52825.047,22041.836,16171.102,699227.06,108587.49,4974.24,1123468.8,46366.906,143833.84,10852.625,4358.467,4220.868,54941.816,359005.16,244020.39,6667.2954,3080.9612,18638.537,8168.73,21090.895,4889385.5,29645.352,19697.168,291056.72,27284.596,7590.6694,2033.2428,368761.94,38406.0,10944.962,8020.032,4874.7314,1473.9735,2074.263,95783.97,101975.48,10195.611,16821.26,2969.6887,5669.946,5749.996,8618.528,243112.62,4219.914,45228.953,16361.64,9905.674,9209.386,60591.746,2206.9863,2163.8032,4008.9634,2149.2253,1938.9128,2363.1892,6423924.5,844.02,19224.389,7796.432,32654.336,672.7251,20492.854,10112.189,994450.9,180575.62,29437.936,8250.949,4691.3716,92147.805,12423.687
bronchi_2,bronchi,194057.28,68954.805,185091.08,8289.664,220902.23,5039.382,1854.6459,13820.114,5095.0767,21068.518,12831.874,324777.25,16051.815,15110.437,988860.75,109359.24,74535.75,13753.475,5996.286,4141.911,58983.51,601631.8,187001.44,7455.8774,4957.997,31303.994,10997.071,15785.888,2822506.0,21968.738,43305.41,288646.88,28997.729,15154.181,2750.8225,130285.68,43214.19,10579.253,10317.025,4078.4011,2699.2927,5955.446,149377.97,124181.84,10189.478,42438.027,5273.276,9541.887,5009.6143,9469.285,393128.4,4114.409,32955.117,10166.374,10701.836,12612.753,52275.87,2572.9736,2676.8635,5416.533,3437.8647,1561.8221,5002.8623,5692269.5,4747.168,105887.18,4866.169,19443.11,1114.4451,72548.766,12436.3125,1192179.9,145699.16,23800.393,6030.287,6645.0176,105992.46,12196.276
bronchi_3,bronchi,364351.38,118755.87,176322.77,8529.864,687329.7,4584.4175,1271489.4,29020.441,3928.3708,31810.87,18930.604,1062361.9,37640.16,32833.113,209524.1,95348.68,348768.0,17332.709,6219.7114,7955.9727,102581.4,814379.3,197849.83,19464.28,6149.59,38529.855,17560.615,19017.883,1663443.4,6088.058,86441.45,392308.94,45921.293,23696.977,4151.987,220415.7,70161.375,56980.688,11448.259,16481.2,10024.439,501.80765,182648.1,152787.16,10698.295,92243.91,14093.182,17908.594,3650.075,14656.251,782884.44,9771.004,32936.61,1414.5492,5450.257,23622.512,42780.715,7121.3066,4232.6772,6384.168,2486.7104,17305.225,1842.4418,8231611.0,7828880.0,104537.836,11252.634,3903.2878,12198.126,299466.8,9543.816,1648308.6,342147.78,8921.723,8337.136,1647.0942,168434.86,11261.503
bronchi_4,bronchi,354613.88,218833.3,672508.0,5670.995,796649.25,43415.28,1105.091,6244.029,7170391.5,117077.055,29130.334,701447.1,177904.1,53616.73,1984705.0,294805.72,259363.6,3079.1157,1775.4991,8604.024,16614.986,46149.94,770074.6,8873.215,3290.3728,63361.547,15798.584,52771.824,5072862.0,134910.86,181011.33,504010.28,28365.172,89936.04,1643.0166,1021583.5,108863.41,7843.96,3444.6008,3723.94,4810.3687,6149.543,73819.56,60097.68,66496.55,76950.734,7827.6895,1184.8704,1732.5122,23857.162,1222512.4,32743.87,379386.9,2670.3936,9557.462,14099.259,98735.58,4012.2917,8065.2065,4319.6143,3277.8914,2030.1924,1633.5109,6378293.0,7043.299,1220135.1,20512.506,2490.9333,9938.702,637315.5,7203.6543,985089.2,49372.82,4680.403,3471.3337,8425.807,244940.66,22683.953
bronchi_5,bronchi,418483.88,338760.4,402121.66,12800.936,656068.5,16565.066,3086.9688,31312.176,140757.94,72417.43,33207.516,808615.3,81017.59,49856.4,1570361.6,224532.94,275074.6,13374.561,4036.1765,13266.662,54236.656,699834.1,592773.4,11437.138,5536.503,56090.312,19931.967,43950.777,4951277.5,31104.96,82022.9,489867.6,38913.246,39362.266,3744.0793,568407.75,79048.32,53783.637,8923.586,2904.6611,8867.674,10677.611,165401.81,185486.38,89929.18,72802.234,8618.102,10998.803,5053.0083,34010.336,1064249.0,23612.715,165070.25,5467.4185,37606.754,12981.745,98794.92,8637.761,3733.1768,5063.227,9716.805,2409.3657,3542.2446,7925138.5,123505.8,500619.12,13271.939,8645.08,6564.7017,306586.3,17395.922,1513037.5,299413.97,13988.822,21108.361,11652.472,213156.95,42343.145
bronchi_6,bronchi,346276.34,129711.05,306046.75,11334.15,480012.12,8913.106,4980.469,17169.45,30668.594,65064.26,29732.021,814352.94,82679.86,48362.33,1270375.5,176455.16,195244.6,16876.73,9416.391,8360.069,55887.25,629222.3,664722.5,18474.867,6969.176,47239.65,18053.656,57773.79,3667918.5,21337.117,164723.03,529209.75,38664.062,48215.832,7530.147,229450.45,93077.75,25159.123,18162.146,3101.2224,9319.769,3409.7368,131155.47,191029.56,29931.604,77559.59,5162.0415,13007.883,8825.897,16990.654,839601.75,3843.487,115184.234,13664.331,30229.035,16148.522,91117.67,3103.2764,4864.3965,7634.183,7032.7393,5157.3857,8585.547,7856666.0,296024.2,670628.94,9421.862,43550.516,1926.7859,324529.88,18781.307,1426256.8,190351.95,36826.527,21369.314,7085.6885,209888.67,23820.309
bronchi_7,bronchi,20042.758,267045.03,234749.3,5519.619,476578.78,6307.7686,96485.055,34785.23,1705.3827,28565.492,37802.51,660966.3,4434.1255,12373.902,629975.9,93019.625,20133.588,8366.722,14028.932,7478.5903,91978.266,367302.88,58168.754,10482.53,4873.6294,50902.625,14370.369,14041.661,2673495.5,30351.26,66374.33,364558.2,11251.786,27629.275,6353.739,383511.75,57156.266,5571.265,4903.384,33261.3,7643.859,11976.844,159170.48,101294.75,38608.055,68161.71,9650.049,3055.7234,7561.9595,35744.598,746785.6,26632.629,52377.926,7860.1743,22297.459,7286.134,18253.104,12090.189,3721.6067,8021.042,8983.304,14816.232,31529.82,407931.75,2196277.5,103993.42,10091.946,7424.667,7321.7188,24566.072,10093.478,65080.707,16221.18,10888.156,12105.489,18815.46,20862.21,18094.2
bronchi_8,bronchi,3023.363,281388.44,113869.33,2851.235,726502.4,8086.6665,275052.56,88067.984,5588.7656,45499.004,37036.977,171047.22,48792.2,8074.8433,647954.0,236366.75,1301.6927,11005.654,33938.535,12197.451,120330.84,997518.9,310.0133,9250.25,4177.886,59381.594,15236.787,81473.734,5558484.0,193835.33,50631.64,331057.56,2079.0608,26872.742,9233.916,865264.44,53978.543,4924.4297,6989.94,234214.4,6513.6567,59634.426,77583.34,251869.25,146687.38,91022.92,20269.494,63236.105,20987.537,32669.443,691350.4,34130.984,52658.305,1999.5505,22216.902,5780.698,23.53321,23736.604,6836.101,7903.408,4034.5598,1919.9497,40464.723,2451.924,18127.898,59689.79,6589.293,80164.85,8218.072,101948.15,16297.35,10494.414,17944.531,14385.344,34868.53,17714.684,3131.678,70470.05
bronchi_9,bronchi,5521.4463,281086.16,81638.08,1743.6084,379599.7,14767.378,668907.5,81321.664,1891.5565,30584.24,37136.613,480554.9,33949.867,8440.269,282067.38,147663.84,4413.4824,9057.249,13394.935,4446.014,136633.75,794918.9,713.5186,10300.773,3432.317,83776.47,29835.244,59650.92,2868720.8,142924.53,50363.586,300854.88,5449.03,15976.26,8297.844,736177.4,42728.81,4257.4434,3871.9255,9087.621,3388.3813,44044.98,112616.88,161089.45,53904.156,67534.14,16648.727,26982.479,18334.182,33071.42,650535.3,20193.066,102428.41,2409.4243,13936.288,5385.5713,42.326977,12724.469,5077.8726,14860.429,4083.119,11147.937,29762.633,678739.9,446598.94,104596.57,5352.728,29452.004,10534.387,34202.574,7884.585,14959.272,19476.424,15032.8,50891.652,19492.441,3346.0679,34267.742
bronchi_10,bronchi,3088.147,8472.749,65563.695,2973.8918,138209.3,3049.8347,3989.8728,49910.777,251.0115,12877.825,11502.742,34017.312,2544.4724,6692.5386,14505.992,20137.312,1270.7595,12980.705,7248.744,3890.0698,20279.703,183980.25,431.18692,10066.894,12143.105,32276.32,12021.637,13132.902,460385.5,1778.4402,19977.928,79830.46,1827.3705,7645.9663,6442.0337,26035.99,28844.81,3600.343,5638.912,19225.195,6982.4434,27915.861,155115.83,152022.64,2448.5671,58286.094,11472.546,7853.9243,4064.2373,24027.389,487618.2,16709.826,16337.174,787.2051,10270.989,8893.686,26.411064,5415.2676,6320.609,8608.556,8252.105,4350.857,11982.431,1123.2987,167469.19,6437.01,2638.2715,17502.764,3451.7488,38771.254,15135.807,1099.0437,1395.0367,23412.87,3999.3418,3825.6877,3144.6348,11377.288
bronchi_11,bronchi,11001.457,222790.06,175891.47,7295.807,559227.8,5701.6997,45246.86,86078.42,1978.9398,30615.32,32229.535,385985.2,91329.6,9055.384,294561.22,129409.56,12944.518,16384.0,15068.37,10689.728,101804.164,931913.25,57330.797,12830.197,4707.9985,38399.113,16532.822,23378.998,4217865.0,38906.418,46797.875,291254.44,15473.485,17105.59,9305.344,444335.03,51438.848,8919.621,8124.6416,20008.686,7580.8223,49917.39,168421.69,165452.77,33483.008,106784.97,13671.54,38093.668,8558.607,34129.78,737366.25,27074.709,57715.36,3079.5095,27041.008,7712.4277,7811.4976,11566.384,5129.186,6746.1436,5092.764,4722.2925,29328.393,2869073.8,931875.94,110076.414,10513.339,24962.23,8991.867,32040.992,14766.998,38092.47,77581.64,13945.289,20424.094,14433.499,14312.266,31612.38
bronchi_12,bronchi,146590.19,217841.33,313434.47,7548.8296,796929.6,8030.036,42334.664,54599.21,4966.162,36129.582,36838.26,677246.94,34715.797,9038.7295,249640.25,74158.89,213718.34,8907.71,2982.438,12747.014,100670.59,836574.94,397685.5,17573.215,4723.09,46034.64,22919.834,23451.283,3059270.0,10848.383,67471.24,345425.72,40045.88,28567.617,3185.6416,276359.62,67214.73,14221.535,5785.2764,2066.9866,19611.111,5714.064,161021.4,148992.12,32228.521,97610.12,11427.357,16591.615,10503.356,31392.729,618379.9,18622.35,137310.92,1125.876,26124.264,6259.2705,88604.45,7517.9756,3875.5432,7735.7227,18935.605,8683.995,10375.266,7754203.0,3414842.0,76735.57,14257.986,15257.873,8268.762,80889.516,11927.268,555052.06,184961.2,12476.599,22031.432,15068.098,141544.89,21313.037
bronchi_13,bronchi,146793.73,128620.76,206821.53,5758.3384,302915.94,7853.4897,11613.839,23693.496,3838.453,27434.158,25290.477,512224.7,32460.738,9425.574,607075.5,57658.473,101672.79,8185.631,3525.3086,6059.3755,62227.746,236483.55,269290.22,10271.665,4834.2007,66397.06,20476.932,13843.913,2415622.0,8975.107,50305.117,287733.28,23287.025,16909.873,3354.0957,142246.27,52249.254,7720.2954,4689.094,3142.9792,6735.573,3120.572,160148.47,98125.32,6664.4087,37249.52,7161.4604,3028.4377,4375.9966,28543.326,446992.22,14327.398,40299.47,5459.6123,21178.756,9315.681,92290.37,7211.196,2442.0208,8467.069,11967.537,9760.73,6599.0796,4602804.0,1958182.6,36399.56,9009.827,4745.6787,4380.879,42303.184,10247.651,128646.766,83073.71,8294.346,10172.29,10685.038,53607.168,10552.94
bronchi_14,bronchi,173569.25,331110.3,336641.9,13120.745,586856.56,28209.43,1172153.1,75045.516,14446.169,31658.965,48462.15,738728.94,53195.21,14400.484,1147561.6,111893.94,327127.0,15077.226,8254.861,17137.383,98054.51,968609.6,234182.9,12534.422,4365.6733,71535.516,29950.793,28827.156,5706075.0,43152.168,49843.992,353525.56,39419.895,17686.846,6543.2534,835582.25,67672.69,55642.133,7903.069,2755.9065,5387.087,32011.885,247104.12,167524.3,114370.73,115694.08,8839.934,36513.25,9865.151,45953.844,645743.7,29507.11,118787.35,4373.9478,54969.906,8621.587,83522.23,14629.326,5307.52,13166.878,18473.21,9250.003,24296.559,7986839.5,6576113.0,118805.14,15453.855,11697.502,12007.553,31975.879,13045.155,902338.94,149898.7,12996.933,13942.204,17782.426,110134.06,54574.223
bronchi_15,bronchi,160872.67,51215.484,183016.7,7338.8623,216247.5,4163.127,3338.626,13003.009,2321.199,16768.736,13200.4375,306798.06,23325.99,6296.6357,579799.4,48841.875,70996.48,10049.463,4245.0586,4593.128,37183.89,297230.4,252825.62,7962.2734,3908.7205,28647.066,10445.503,13549.869,1855416.8,10595.541,26806.395,191643.03,22516.477,9577.912,2899.26,57643.684,35998.094,8744.494,7257.627,3292.056,2686.6409,1886.4926,144470.77,85041.5,3752.2349,19864.047,3936.0342,5122.0967,6248.6763,9906.023,277178.12,3809.7986,24977.33,13312.837,11248.063,10160.4795,58524.77,2341.6877,2120.911,6050.054,3716.5051,2334.0405,2346.4202,4349443.5,49619.086,25766.957,4420.7085,17591.527,857.5732,32415.85,11045.583,574945.6,146882.8,23102.602,7776.981,3088.0173,82475.02,9871.335
bronchi_16,bronchi,186865.23,111360.484,151361.52,3062.1929,224683.73,9494.046,1711.6154,14611.115,4033.8826,39060.633,20308.465,513748.12,47960.66,8117.5,1347599.6,131270.84,79657.22,6320.9165,2337.3152,3487.3318,68553.71,419678.47,407010.0,8270.221,3945.1196,30050.732,12633.364,30672.895,2122824.0,17513.584,50315.05,394078.84,27444.34,25809.162,1177.7433,240008.88,52864.863,5752.717,3299.1138,1979.6064,2696.855,1666.6884,176117.06,94266.41,4829.6284,26319.502,3454.3445,3743.365,4237.59,9930.184,402632.0,3940.1365,111063.94,3915.3743,19592.547,7126.165,92702.41,1860.613,2394.6223,5237.01,6546.2314,6250.327,4458.8193,6585816.0,18669.12,107574.375,9253.886,7370.394,1765.4303,100159.22,8187.661,308715.8,21768.559,10444.4375,18014.836,11655.096,56869.395,10815.694
bronchi_17,bronchi,15952.537,193346.44,50276.05,5126.667,205692.08,4745.2217,1339.8894,27813.549,900.59064,13983.474,19457.45,95036.66,5628.7344,13763.526,292647.94,75376.47,10820.596,14687.442,4833.071,5679.7544,49066.3,456909.9,76515.76,7907.766,4767.439,29221.07,9473.7295,9179.798,520422.1,4391.594,25777.428,134529.8,15989.78,12106.171,3930.4214,108613.18,41559.832,3887.818,5189.397,14642.657,1655.7189,37481.613,172234.45,79589.11,9944.059,40370.094,6623.1807,5911.8438,5314.034,18507.898,500466.84,15471.951,19130.797,5861.9424,15300.949,10016.239,38898.81,4067.8716,3263.4639,4364.1494,4031.6013,2650.3909,6697.405,214288.98,301693.84,31694.129,3388.1487,7766.322,2422.89,18844.068,10713.101,39271.637,14684.977,7980.5283,5857.527,9780.001,36203.258,11018.437
bronchi_18,bronchi,121377.36,91924.68,156333.17,7179.1123,302516.97,3429.378,1256.5107,20635.475,4695.0244,20944.826,20250.926,215024.31,13150.813,14013.045,480601.66,65256.594,84414.54,14495.551,5078.633,5241.6924,51452.29,426273.66,560339.25,9894.419,5465.1978,34504.285,12235.085,12385.225,1509433.0,7404.5894,49597.89,275207.12,31121.875,16325.306,4930.361,60806.742,50463.637,12074.218,11549.76,5455.6714,5168.3037,5719.3916,117994.52,85786.586,7297.6167,30167.316,4605.065,13747.442,5787.926,12635.955,390413.3,5231.5425,33642.895,11147.161,11606.641,11225.729,81250.65,3792.3867,2698.7969,5237.469,4095.0547,2669.735,5422.116,5715044.5,890148.2,62314.57,4800.7563,18257.092,1465.6361,72610.51,14252.453,766529.06,229018.9,17880.604,10292.573,4480.068,140358.88,10788.032
bronchi_19,bronchi,75685.85,68849.27,115651.38,4086.622,198464.0,3186.2495,1036.6077,15718.522,876.57886,15410.569,14798.904,143048.77,15843.218,10680.851,512534.5,127795.69,47724.723,9317.831,3186.4714,3693.9336,39334.234,336316.53,400707.9,7497.61,4443.1313,38449.902,12071.432,9690.363,928142.8,8435.407,53128.746,229964.81,24370.31,16686.225,2219.046,40734.29,43389.535,5301.145,5712.7017,2987.236,4157.539,1606.7313,143691.53,76016.73,4460.0654,36103.27,4564.058,4280.806,4123.6465,9359.382,379566.4,4196.931,21848.094,7796.0825,14001.503,9918.513,69966.86,2260.8567,2286.9165,5579.881,4098.8105,5950.12,4003.0518,4939213.5,118985.2,55077.113,3386.016,13830.808,1362.8134,92969.08,10328.171,622822.9,150812.39,19232.842,10035.221,5547.514,100800.87,9623.431
bronchi_20,bronchi,61313.246,205746.03,312537.5,8703.299,471991.88,5663.4976,65275.703,28134.469,4256.1396,19077.904,34413.09,618988.75,4851.6484,10215.78,578059.7,57746.082,59963.312,13391.473,15767.921,7792.9976,70392.8,313884.66,215747.77,11789.322,4140.343,36561.164,14302.318,15369.09,2609487.8,19124.303,36715.816,292733.94,24600.49,17504.248,9660.308,232744.16,42634.41,9995.302,8473.201,10724.704,8874.823,16825.207,133724.44,98682.2,33130.52,55116.26,8541.018,5871.22,9133.911,31467.518,476120.4,17934.438,39616.668,10600.109,22189.014,10333.807,34152.344,6520.5195,2398.7507,5410.4663,6766.9204,10606.35,30117.01,1925697.8,2495153.8,49262.293,10287.616,6372.3716,6472.1816,18391.396,9781.326,248736.95,105530.41,8364.495,6785.8843,19417.463,94367.6,15216.616
bronchi_21,bronchi,221845.52,100360.11,191160.4,4723.288,400655.16,4966.5312,2326.203,14255.525,5949.3594,24748.13,16869.2,538588.4,31997.143,25689.64,933309.6,73501.26,76770.92,10958.363,4246.067,5694.33,35681.79,252014.38,425022.56,8763.857,4199.29,34192.625,10048.476,14227.613,2327234.2,16794.393,44861.996,331990.9,26760.059,17254.35,3264.8123,118373.336,50737.258,18288.635,8560.868,7330.2085,4234.713,2588.8457,123604.42,110817.84,8558.215,20162.314,4989.2993,5671.52,5238.4736,13903.218,463507.2,7396.7046,29751.906,16714.05,11575.189,14285.522,81104.56,5000.4434,2500.002,4092.8718,2976.8794,4519.621,1719.8824,5717803.0,69838.33,113165.53,5688.1196,8655.376,1452.7239,69761.18,13736.655,842393.6,264178.12,11364.253,9061.232,3390.6384,112705.63,10231.791
bronchi_22,bronchi,317835.8,80776.88,212683.22,9291.004,242281.02,9012.697,5865.186,12577.677,10982.114,32506.898,13959.049,620667.56,79362.86,12217.221,1243107.8,66673.47,124171.07,10118.441,3532.8936,3922.78,47896.395,422426.25,254518.58,8884.156,4103.051,28859.479,11225.761,25356.047,3360133.5,21181.807,42122.99,321415.9,33870.473,15626.805,1739.7036,167565.69,55173.902,15238.705,5875.0405,2331.0505,2089.8704,2986.5579,138780.53,108439.914,6911.8276,21806.814,3864.6157,6930.9927,5798.7344,10385.473,320321.94,3266.0178,56031.234,10728.06,12489.588,9824.138,80968.31,2698.322,3078.8545,5275.399,2849.7258,2948.0203,1403.4617,6451841.5,16898.941,107838.36,8458.836,21825.623,1009.68304,73563.95,12563.086,743180.0,186689.25,21099.705,10000.155,3339.8586,87551.8,10589.408
bronchi_23,bronchi,330463.6,60552.348,204099.53,8930.815,183153.25,6518.965,8013.6094,9915.76,7499.2266,21343.629,13155.769,558124.4,82229.44,6132.445,994716.5,48601.695,146335.55,10700.51,4025.1494,3279.2861,50317.305,377514.8,143114.53,7095.8066,3669.983,23164.951,8694.264,20236.541,4074561.8,21505.541,40105.805,326813.9,32586.67,10356.066,2022.5417,157530.31,38754.99,14228.454,7116.5264,2761.0803,2441.662,852.6919,133651.52,96784.48,4246.379,15596.133,3285.3481,3373.616,5490.1777,8109.56,266434.75,2680.2788,32785.18,14459.457,10293.191,8598.421,58978.957,1948.4956,2314.5503,5519.956,3074.924,3921.5117,1526.5493,6684037.0,7290.1934,37805.938,6648.422,43334.66,672.2,38167.598,13393.261,989243.75,217440.11,35134.98,17189.553,2647.649,60571.99,9073.617
bronchi_24,bronchi,146600.95,525572.3,400594.03,10620.946,797223.06,14557.438,360054.7,71712.836,4083.8667,54557.52,48569.492,926061.56,89837.8,10925.157,1434192.4,59821.09,116947.49,15401.107,23804.502,20079.855,110792.586,903561.75,477659.0,22933.566,4841.242,70340.19,28052.936,41333.023,5875017.5,109832.61,107499.71,521127.34,36780.97,26705.754,15902.955,505740.75,73891.83,34510.965,6848.0244,16285.511,10485.01,37820.33,170059.9,198648.06,112022.17,118816.36,12915.6,21519.266,25398.934,63839.387,821679.0,35819.57,106073.66,10184.124,42836.523,7292.704,84514.67,21690.762,6459.459,9637.07,8887.817,26950.844,42559.54,7529951.0,2415269.5,155086.84,19142.332,14242.887,15443.453,25042.326,18918.475,852178.8,107435.45,16383.031,21455.553,23668.36,72997.59,37538.742
bronchi_25,bronchi,137273.22,143107.03,85012.71,1373.3041,534096.44,33301.04,1249181.8,29746.996,13112.89,16307.395,17702.219,216848.47,10827.275,17117.62,216881.56,155206.1,243412.12,6734.8345,6713.1763,5619.5933,133152.55,818099.44,22190.877,10041.377,2476.6252,48939.42,16110.203,13553.2295,913857.0,31290.264,26860.008,178656.44,35903.875,14183.499,2212.9387,614645.2,25162.172,15419.935,5137.1523,2026.3461,11891.238,2990.498,91116.98,124642.086,51477.76,81765.32,13715.147,12471.911,4822.5806,13442.773,511885.78,9058.217,63252.992,7940.886,18782.203,7505.8027,141.93152,6629.128,1604.8763,6034.7295,2117.332,12317.571,4797.378,8246422.0,3217948.2,93742.58,2996.9412,7757.8003,8630.226,132930.64,4958.248,1522319.5,29617.121,8588.159,31532.076,11115.258,126886.2,26640.707
bronchi_26,bronchi,421853.78,157830.47,464430.66,11474.745,790587.6,8476.257,2589.541,21815.988,73856.74,76134.12,26077.94,728968.25,34140.945,57195.31,993999.56,193903.55,234192.52,16118.349,4637.5576,8061.2227,41090.64,438161.44,497378.38,17600.924,8501.04,58621.35,19589.09,39440.125,3947814.8,25104.668,150925.05,423693.53,38892.69,48116.29,4780.8047,225403.34,81086.93,52602.89,8454.488,4498.4985,12099.603,3230.5405,134064.88,145692.2,29610.201,62509.8,9709.356,8163.161,4348.056,25725.828,1050932.6,10515.815,95064.58,8287.332,19674.994,15599.837,93859.59,7236.945,4421.948,6404.5327,7460.8716,2203.4968,3315.5833,7248067.5,354864.9,579950.9,11525.023,7627.225,6388.0786,457077.28,18066.678,1146916.0,359442.97,10538.266,15044.819,4506.5815,168785.89,16901.393
bronchi_27,bronchi,298392.62,19888.71,26625.162,543.7894,141756.97,16379.298,1823187.9,11147.564,5779.943,12029.607,2560.497,107703.82,157811.81,21503.96,107842.78,210026.03,347644.25,6910.4897,3254.6746,3069.7656,90579.55,828189.06,124715.21,9363.721,3530.36,103455.49,30351.463,8474.753,93003.75,6489.1313,20997.426,88611.555,46464.6,7530.3193,1346.2966,382382.53,20061.613,32013.29,6149.2554,48475.88,931.19324,309.52817,51629.883,44361.87,4861.924,76094.92,16578.201,5837.214,1885.0251,7249.3667,443410.1,4348.276,34969.305,2232.9368,4507.811,14446.018,19228.201,2713.4675,1757.4491,12668.138,1618.9283,8973.147,722.634,8313153.0,7462536.5,25702.555,1518.0349,2820.1746,10518.313,94660.63,4868.7227,2017094.1,3669.7134,5604.5083,38600.36,1483.2067,112629.88,10029.546
bronchi_28,bronchi,66852.125,79052.164,172364.77,9108.525,313589.66,2952.7573,1586.9357,24889.678,2004.5918,20624.83,12930.674,232049.78,6663.716,15313.957,264223.97,57380.957,31074.451,16119.748,5923.974,4753.063,44707.766,461647.3,175165.64,11243.43,5245.7686,29417.84,9813.687,11323.366,1278168.9,4761.4946,43246.06,188037.4,22601.268,14796.392,5633.3,78889.64,42418.97,6865.4863,13876.961,8955.116,8957.465,14243.349,124096.84,127914.94,13666.078,60785.523,6815.1704,13920.413,6273.0527,11167.869,445079.3,5246.8647,24455.994,5956.9175,11732.262,12040.558,11509.228,4326.41,2832.4834,4708.129,3372.496,3097.1484,4066.1375,2226649.0,186407.8,48240.81,4341.562,31320.867,1557.2213,88879.17,13997.644,698152.25,154606.02,26639.158,5883.5757,3017.531,99112.0,14873.445
bronchi_29,bronchi,240491.4,114622.85,293775.4,6202.5723,388698.03,4995.9,4525.3936,13682.55,13220.646,37898.316,22467.783,581042.06,17116.477,22622.229,1115848.0,151379.56,94504.86,13126.516,7300.673,6064.4116,55442.277,379790.16,260274.95,9147.974,3981.7893,41453.742,11438.741,20589.611,3892611.5,27514.521,83504.86,396064.4,28675.63,25283.723,4435.0264,197322.78,58954.72,11636.856,9690.335,6402.621,6584.129,1941.5824,126310.78,124977.87,9363.337,36366.074,5672.175,5371.1606,6696.159,12675.522,527073.6,4669.415,33409.23,15340.504,13575.403,10839.3125,60136.9,4191.582,3036.5554,5442.376,4401.844,4820.7085,6515.9185,5688926.5,21041.328,237630.89,7890.9873,16245.564,1259.9153,110827.46,14314.669,1128917.2,219404.2,19083.236,15926.526,5373.2207,83653.914,12022.438
bronchi_30,bronchi,14873.672,229555.72,94304.805,1731.7445,288505.97,13214.167,39524.773,68492.74,618.08093,28179.205,34947.1,300689.94,63689.79,7356.46,112941.59,136605.22,110886.13,8549.421,2647.0554,6684.953,126341.74,1001523.4,129278.56,11433.734,3458.8389,54790.65,16952.486,35552.34,2440037.2,12411.038,62995.332,264611.3,22913.846,28255.795,1933.7609,379171.3,62154.258,3692.6335,4366.0234,1213.4609,7954.6523,7115.1147,222786.88,115071.48,13364.7295,89320.44,7724.14,31140.996,8784.913,16040.567,517725.66,10771.336,167027.69,706.53436,26042.273,6123.5835,51980.965,3450.004,5215.3,7578.5522,7914.7686,7587.34,8073.6035,4889707.5,2952775.0,142275.7,10474.265,22247.71,5531.0186,72503.6,9375.893,13219.764,16585.477,19218.43,44836.203,16336.41,15726.47,17615.703
bronchi_31,bronchi,10835.818,35751.96,41385.13,3723.4497,112529.28,2527.2563,1557.6449,19183.729,356.41147,11684.557,12323.847,49860.01,2847.8193,8716.757,96149.51,65218.707,4061.8652,12642.079,3133.6982,3140.4167,30048.326,415020.16,7657.3076,7177.736,5740.5376,23006.691,8455.755,8607.973,268244.94,4815.244,31313.908,106623.57,20161.008,11582.081,1964.7997,20705.44,35094.96,3044.3638,3967.0452,14379.733,2782.705,8152.7188,129342.56,73959.72,1874.5671,28618.285,4620.1606,2976.2703,3089.6145,8620.658,426286.25,5527.0684,12962.914,2638.936,11697.424,6841.8223,1888.8593,1998.3633,2745.7542,5849.4365,5525.8613,3840.9875,4792.013,79788.76,113604.555,24970.041,2067.1375,12176.819,1396.9899,39961.297,11693.754,16750.738,19682.707,14454.838,7278.3267,4235.626,18929.287,8343.786
bronchi_32,bronchi,338912.9,416856.34,404229.84,14988.306,690855.44,11886.057,255596.14,42699.965,18003.81,62483.098,47786.754,1133142.2,36152.54,25458.885,1310640.4,203368.97,328166.56,19362.17,8622.92,8898.828,121584.97,1009175.3,232932.45,20073.115,5938.82,54634.996,17500.459,33340.7,5881733.5,25239.178,109309.82,467618.12,46879.44,36455.457,5753.48,511030.75,78369.375,15562.151,9528.245,5159.797,14683.66,3374.543,199308.81,214007.56,63483.12,101941.34,10603.093,20499.676,6141.4243,30616.05,927338.56,14339.031,114001.45,1914.8718,35469.195,9129.679,56799.043,7510.7944,2921.77,7518.7,10963.549,21704.047,16801.459,7989688.5,1772128.4,365300.16,15140.211,19738.049,6268.854,147912.19,16979.525,1557031.2,355233.62,21956.4,53970.77,12212.409,186352.34,30993.473
bronchi_33,bronchi,184232.55,321062.97,393300.9,13402.116,527995.8,19931.092,337432.94,31875.676,21938.504,45785.074,43162.785,921227.44,29198.896,14547.334,1543163.6,133541.19,113828.5,9791.117,12193.497,13546.6,103325.836,833735.5,32945.125,9800.245,4964.405,57144.0,16199.9375,36941.414,5697391.0,71589.086,47265.562,416027.47,23750.1,26296.043,4775.399,746171.25,65630.82,9611.68,6639.037,29199.092,4297.462,15738.459,147218.81,147053.52,101078.4,84155.8,9794.881,7826.5176,8573.959,38855.69,653870.44,25680.137,75309.22,5229.851,27505.129,8397.2295,42304.758,10268.805,4080.1248,7769.1816,6670.1323,6588.8843,24959.28,4082597.8,937675.8,107566.06,13538.746,9222.624,7577.7354,27476.525,12679.343,493804.8,185373.38,11678.362,8306.633,23430.47,51189.168,40503.023
bronchi_34,bronchi,328083.66,502141.56,373383.6,15566.991,1028392.8,10965.274,10997.858,63617.49,19069.264,72677.984,49700.97,829504.4,197430.83,29487.445,1594502.6,146838.67,180544.11,22563.361,28019.033,21980.832,96860.94,920836.56,939300.25,18746.857,5053.413,45062.633,16598.531,43349.21,6404735.0,40088.83,37308.074,510822.7,37284.633,25363.617,16026.04,495082.22,74705.05,46780.562,13082.321,52704.33,9534.118,36426.957,187951.36,227948.8,154655.56,124703.79,12670.434,24163.96,11686.485,61847.613,1110921.1,36705.03,79848.81,18805.719,33363.027,11899.69,100266.45,17662.066,2696.1167,4886.715,5189.9316,22588.617,27725.94,8170380.0,148923.52,225650.47,15277.473,15543.402,14770.195,47240.504,19162.7,1702163.4,570288.06,18638.234,16105.164,18975.63,153708.92,46096.496
bronchi_35,bronchi,306641.28,68165.875,148151.34,10390.733,151874.83,4504.5015,9728.044,15898.359,16357.333,37830.39,17933.238,648312.5,34245.855,36131.79,1028446.75,154690.38,69798.98,17992.738,7824.7036,3988.5217,38371.184,486558.62,299946.12,13530.756,5781.3984,43473.496,14918.353,25649.516,2807726.8,28712.383,185245.06,467016.47,41226.69,45011.82,4611.786,52933.523,77846.086,45564.66,11374.099,1404.793,6222.8623,3231.4343,169694.58,125175.16,5898.9673,61769.156,5797.3574,7549.168,4724.383,10619.913,649966.06,2131.113,26740.771,15954.622,13183.1875,12589.222,48436.043,2377.0735,2824.7104,10640.84,5468.5557,5809.419,2791.385,6514361.5,139445.2,424215.9,4485.4727,39261.453,1409.7373,361013.97,16887.824,1356874.4,251506.08,33396.074,8436.051,1956.4767,160459.12,11160.884
bronchi_36,bronchi,463316.72,159169.58,263404.78,8378.564,157760.05,14812.842,11205.543,25836.08,33434.09,79217.445,40245.39,937269.0,23538.54,66977.97,1349110.6,300164.47,308712.84,17866.574,11347.054,4813.0903,73948.08,834952.1,574208.06,25248.156,8014.725,51977.89,15581.414,93406.945,2810593.2,17268.738,264002.8,572660.44,48729.375,98547.91,5807.0425,224653.31,110043.984,90063.16,18151.514,1112.2606,24700.947,1083.7085,175451.36,234950.88,55501.105,80953.95,6179.9785,8590.3955,6329.5376,15109.499,1341002.4,2002.1058,207488.3,3150.1987,44007.652,19138.152,57146.453,1903.0569,6578.2407,11270.109,16879.322,9521.94,5400.881,8074576.0,1225221.4,1133021.2,7717.2104,80318.75,3722.5972,751870.06,20696.436,1774680.5,183261.22,57106.793,47020.17,6195.217,274902.3,35162.836
bronchi_37,bronchi,116256.94,60948.637,250489.0,6855.3633,282447.2,2111.0396,1399.4839,14115.942,6512.619,19559.09,17748.979,361768.06,3658.1096,40031.33,379330.1,185118.1,28441.996,9313.113,5302.4395,3766.957,26144.604,225443.77,262416.16,11256.155,4220.268,55466.234,15098.638,10053.835,1214435.1,13068.504,174637.05,358434.53,32637.15,61214.035,3631.896,18115.73,74303.664,8571.466,7015.361,2726.6643,12021.258,2122.0557,160366.72,73878.58,2958.494,53089.645,7577.049,4018.087,3282.106,10728.99,809170.75,2972.7317,19792.867,7085.9253,11396.25,10835.694,36646.34,2184.8013,2687.497,9301.9,8583.541,6610.0723,3507.771,4584120.5,1561946.6,501487.38,3460.2546,11183.432,2534.2886,517295.8,13935.597,684526.7,346193.8,14834.656,7894.42,4377.7085,145341.66,9011.915
bronchi_38,bronchi,18986.023,24389.098,126000.86,5274.6743,147336.66,6000.949,13524.924,31703.592,501.1284,15593.857,15597.739,212288.88,6500.8213,5952.442,421400.22,92006.6,9542.097,13471.626,4735.446,2962.9114,75371.01,696778.06,2242.1636,7668.161,4214.105,29537.912,8832.129,22289.74,1044708.2,7482.301,27663.975,137641.19,22608.035,8673.027,1586.8335,111288.19,31057.8,6493.2793,5868.208,1542.561,11087.485,9823.716,175256.03,149745.83,6405.15,48664.402,5749.5957,5881.758,4200.9727,7507.7715,323009.78,4015.3625,19903.264,1835.493,19111.85,6639.8477,41.98093,2443.5042,4607.5693,8841.08,7260.3896,6098.8105,3004.2148,78895.66,23351.678,22651.59,3495.715,55580.98,905.87854,115755.875,14039.827,62657.88,36948.074,38060.477,6824.733,2624.2163,5321.8257,10106.231
bronchi_39,bronchi,244532.67,164896.86,300742.7,7236.731,317189.34,13096.641,339237.9,29981.086,6875.3486,33933.777,33176.332,525377.4,32109.178,6213.7876,636647.3,65728.35,368074.34,10558.971,5010.938,5572.7,113178.164,614414.3,157150.69,9394.18,3521.3425,24924.264,12452.549,40947.46,4144327.2,6193.882,31802.799,263742.12,39135.02,14676.744,2368.4788,541965.8,55359.324,12163.286,9784.405,1462.3325,10628.313,1244.4131,160386.3,107397.75,16181.207,55884.586,4711.7188,6406.4204,8470.212,12404.21,319992.78,4855.7085,188264.05,4243.8843,26413.068,7252.015,56732.668,2133.9697,3084.8462,8373.156,6616.235,7004.616,3154.6826,7590341.0,1984341.6,33214.99,10638.476,56039.734,1130.123,31715.69,11547.193,264582.53,149640.47,40134.96,24378.865,7947.5693,72314.11,11920.854
bronchi_40,bronchi,49057.04,14847.551,20545.26,2743.2354,59630.613,2559.005,1237.9355,11785.545,1326.5698,13703.118,4571.6963,54023.758,25202.303,49747.824,147486.8,208206.25,29841.732,18784.656,3562.0881,3452.0417,10438.473,453639.66,219743.64,11270.711,7204.795,34563.043,11651.094,8486.425,263290.0,14879.149,160765.92,266423.6,33396.582,28318.707,3266.75,9642.072,52372.43,13049.747,11207.563,2198.675,1059.0215,2600.6897,115465.91,61449.17,1115.8363,73131.31,7599.6597,6166.159,2823.366,8168.013,769315.7,2550.737,11036.433,18864.28,5910.327,19996.285,60977.824,2576.2012,2014.6115,5942.2026,3475.0676,7348.3955,1049.1075,5359794.0,7364.73,242877.64,1522.0747,12731.983,1429.2343,305625.0,14719.219,1322298.6,42301.29,14730.86,2928.737,1586.7919,257555.38,8963.003
bronchi_41,bronchi,2495.109,27619.316,44817.094,2599.1345,153774.02,3107.335,6017.91,78525.14,302.07236,14718.011,18752.633,34714.54,1487.2838,11241.21,6730.1533,61155.742,1084.614,16224.847,10841.587,3732.3862,43711.547,388921.25,281.46783,16775.967,16930.223,34563.34,11340.011,16212.781,738276.75,3359.0525,46837.523,96234.18,1355.1495,10962.138,9564.119,50285.883,41100.555,3728.4683,5785.028,83105.24,8583.238,52550.895,206058.83,206080.06,6373.7637,70985.72,19149.781,20322.57,6416.1743,26946.553,637192.1,27764.492,15025.418,825.5295,15133.627,9346.634,23.119366,15792.122,17033.162,6320.1626,4789.7646,4152.4937,13532.589,1036.6918,161670.6,11068.826,3690.0525,36547.88,4563.1396,40443.004,16136.037,750.0888,326.81033,20602.516,5175.7383,3645.367,1622.302,19669.291
bronchi_42,bronchi,293629.47,399375.28,218561.33,9687.72,464982.4,18838.965,340061.62,36268.26,6104.374,41334.285,43222.68,844380.3,46268.664,13356.842,656145.44,159084.6,401216.84,12163.518,3042.137,10068.853,99729.92,830078.9,596978.4,18442.176,6337.633,40748.355,17935.855,36257.06,2618150.0,6077.562,87251.555,328326.22,48168.77,31419.686,2765.8008,471327.53,79520.67,11137.458,8240.497,2303.109,13472.204,4122.514,269035.06,164729.78,27464.16,89458.71,9778.9375,12226.978,6402.346,29275.213,643259.94,12905.084,229007.55,330.85336,38548.562,8481.263,99832.12,3545.409,5256.583,8217.979,7352.9453,11575.002,9620.586,8250465.5,5373700.0,120805.375,16467.451,13440.825,7457.5347,96879.51,12603.193,692838.1,60459.562,22186.094,50736.047,15689.975,101002.66,26818.389
bronchi_43,bronchi,139621.8,152861.62,151621.72,6780.236,316427.06,6384.174,3096.1824,31056.615,2856.3535,19859.502,23566.166,464164.1,52684.98,7890.1367,651850.6,39327.895,88825.62,13758.592,4858.0483,8425.332,49247.12,461234.53,410792.97,9641.796,4392.7046,35092.418,13940.516,15418.361,2680943.2,6691.026,24636.695,252921.36,23685.588,11251.679,5861.2266,159288.17,39164.742,8749.392,8067.1606,7487.0835,3576.7295,18209.844,152539.5,109566.25,18396.94,53800.51,6369.6855,11694.613,8042.3843,27608.361,425457.3,16297.925,44439.105,11921.649,18233.27,9476.07,93034.625,6398.0913,2426.9492,4661.24,10116.376,4708.96,14816.981,5698635.5,389306.1,15458.735,9116.982,7470.5273,3626.3567,17208.4,11745.261,257355.27,73241.03,9979.68,10013.746,14866.681,95563.62,15324.331
bronchi_44,bronchi,174402.88,45626.844,137194.3,7696.2095,88446.58,10911.328,3918.524,7333.866,102595.195,18479.695,8584.892,364125.25,28743.672,15608.275,924587.8,156309.17,112258.09,9630.749,8199.195,5538.357,37031.82,352670.25,52283.348,8013.7925,4814.105,36991.617,10793.519,12500.385,2027033.1,29979.514,48826.973,280425.1,33612.363,16360.391,2299.473,217948.55,47625.6,17730.098,9792.173,3780.2112,675.5587,11022.252,146681.64,79297.49,2416.7952,61255.56,7312.583,4023.8633,2842.7434,8999.443,480296.47,5273.457,17644.791,7624.061,7469.323,11508.042,44190.6,3155.1973,2656.8896,5546.488,2837.1567,4310.4644,3406.0535,5167112.0,675.57715,247373.64,3200.9524,10596.057,1288.3031,138546.47,12791.111,958619.5,35593.695,12429.15,3102.356,9044.128,112997.836,12290.042
bronchi_45,bronchi,61378.008,68747.97,70566.75,5664.454,207201.77,4079.222,978.2673,17833.463,2321.4238,16159.77,9541.805,204097.78,14669.593,18861.617,411255.9,40995.445,28742.52,16377.892,4607.0376,4983.2256,32475.693,528096.56,196782.31,8023.544,4987.9287,29427.129,10205.817,9945.435,942762.56,10864.152,32444.18,184266.64,21113.979,10559.132,4904.8247,51988.797,38251.742,10572.051,13747.298,9321.546,2805.0398,11380.555,130083.43,88440.17,7185.6406,41502.203,5633.3643,16648.95,6803.59,11485.596,399586.34,5620.6436,17919.562,11867.83,9886.957,15599.049,55999.074,3343.9521,2242.6814,4639.46,4338.5356,2129.9797,4075.667,3896102.5,52313.375,65628.38,3327.6306,12741.556,1329.0105,32294.395,13409.008,758024.4,166947.27,20627.84,4844.439,4710.6177,153651.61,12083.826
bronchi_46,bronchi,198238.9,98061.984,115689.99,9838.784,273409.4,3668.4045,4891.854,37339.043,1899.4558,30124.68,16858.617,217438.25,9165.563,31332.07,494424.94,94627.42,76542.69,22421.44,11509.14,10875.919,31728.365,783768.94,328829.16,15014.288,7266.216,32879.586,14308.104,11047.943,1703673.8,11107.724,55729.6,316645.9,36373.773,21988.127,12091.446,43738.902,57348.57,47984.36,15722.241,35364.15,10043.589,19778.922,141208.89,194411.45,9895.929,105182.16,11988.489,27767.354,7082.9253,31078.453,737528.0,12989.113,16015.849,10632.978,10445.154,15482.904,41290.117,12387.032,3861.3767,4919.6826,3272.3955,11910.943,9945.064,5937919.0,185707.1,86012.695,6253.0166,15181.391,5973.6514,119248.64,19478.857,1358524.0,422941.84,14375.963,5456.1294,4568.9805,190177.77,18213.77
bronchi_47,bronchi,406870.28,269737.7,527561.94,13022.308,525874.2,25407.291,7971.4756,35762.84,188679.97,81747.47,42181.92,629725.4,112607.44,26587.178,1646809.8,175055.58,231640.97,8981.179,8276.896,20916.62,59860.24,689732.3,676343.3,13267.674,5599.603,85831.27,32572.844,46258.695,4824148.0,47002.28,52235.105,440933.1,29917.049,34450.984,5220.232,613923.44,77627.086,28753.898,7497.4385,8596.403,10948.554,12670.409,150232.17,166991.86,125192.234,99311.74,11936.064,13120.445,6671.602,46828.41,997477.06,32780.55,148622.02,2227.7903,36313.637,10160.063,99273.86,14837.388,3456.2166,8363.402,18422.346,3484.6182,14061.817,7676423.0,265497.03,298656.53,15279.542,7557.626,11854.73,238452.0,15340.284,1251754.1,283536.44,14113.547,16121.916,18974.727,129436.22,53685.805
bronchi_48,bronchi,111139.27,383464.22,332166.34,10013.565,1288959.2,5022.3364,4394.2007,43972.832,11011.902,47488.54,43503.523,605931.4,98634.5,50131.027,1096735.2,99594.195,40798.36,19013.004,30629.396,16843.799,44520.47,444124.47,582126.94,17353.055,5671.3525,34572.207,12957.734,25550.367,5238061.5,59968.746,44381.164,460377.6,22411.307,35172.293,18484.824,167067.2,74741.68,74196.67,14167.613,213047.0,12228.284,39935.35,97434.7,203345.12,138523.88,105703.35,13704.072,11965.175,13153.535,66112.59,954976.94,32333.041,38408.78,25144.852,22886.48,18207.88,55128.668,19231.998,3415.8508,4072.5735,3188.0952,16800.176,27941.432,4529772.0,569690.6,239118.1,13114.841,9937.441,11914.557,31506.014,17893.69,1153708.9,345720.34,16327.236,8997.529,11839.217,126163.06,27775.934
bronchi_49,bronchi,202422.78,121782.836,77585.05,7384.045,138746.27,8767.143,1458.0587,10240.578,53426.34,30110.203,12157.928,328002.62,68178.62,51342.344,695314.4,184374.39,211675.52,18985.877,4527.777,7142.1216,26249.963,491458.56,607931.75,12877.838,8986.2,40335.574,14752.372,18502.127,1960368.8,29909.803,105309.42,386993.62,35608.566,20390.424,4827.353,240560.22,60455.93,64413.152,18377.842,2685.243,1590.3391,5533.9634,130508.77,130452.28,11572.993,85338.37,9477.969,10933.882,6862.5337,15897.511,802922.7,5802.895,28170.607,16887.148,10528.541,19061.39,97389.09,4656.889,3083.128,5032.7334,3841.2915,3545.1824,3829.3755,7739995.5,4999.9424,309424.97,3687.2937,14734.711,1812.399,120778.54,15982.584,1755362.0,207541.73,20650.299,4186.723,4832.596,293199.97,21363.404
bronchi_50,bronchi,288079.53,677719.25,568604.0,17474.541,2139024.8,63599.168,1429103.8,35715.53,959116.06,42089.58,56215.895,817698.5,19439.346,21641.107,2198004.0,306941.2,109398.46,10202.226,35466.59,28012.594,134708.11,778926.94,56636.984,32806.54,5540.423,118240.88,20700.582,31092.0,6613257.0,162697.14,153288.48,540936.7,48756.94,41124.434,16768.69,1059514.8,84727.48,115928.77,9225.228,191320.36,26148.318,42579.84,180354.47,274009.75,348751.03,121885.43,28986.723,32109.637,10356.244,54199.01,1128092.9,48145.945,51668.55,11028.183,72796.47,7693.0537,738.4862,33263.047,2826.8926,8216.489,5052.8735,10785.625,38092.29,8191383.0,912702.1,321206.3,20497.213,46416.33,16059.41,250695.95,16410.945,2033746.4,316316.3,20965.03,57495.773,18612.744,295405.72,85120.28
